序号,日期,年份,检测年龄,性别,置信度,相机,来源,分类,原图路径,人脸缩略图
1,2000-01-01,2000,37,0,0.883,K800i,01_Personal,人物,E:\待整理照片\我的图片\相册\朋友\DSC00007.JPG,13417_0.jpg
2,2002-12-08,2002,26,1,0.894,MiOne,01_Personal,旅行,E:\待整理照片\我的图片\相册\我的图片\IMG_20130219_115755.jpg,11404_1.jpg
3,2002-12-08,2002,54,0,0.865,MiOne,01_Personal,旅行,E:\待整理照片\我的图片\相册\我的图片\IMG_20130219_182328.jpg,11418_1.jpg
4,2002-12-08,2002,31,0,0.795,MiOne,01_Personal,旅行,E:\待整理照片\我的图片\相册\我的图片\IMG_20130219_182551.jpg,11422_0.jpg
5,2005-01-01,2005,55,1,0.902,KODAK Z7590 ZOOM DIGITAL CAMERA,02_Work,工作,E:\待整理照片\我的图片\相册\照片\100_3770.JPG,13823_0.jpg
6,2005-01-01,2005,56,1,0.900,KODAK Z7590 ZOOM DIGITAL CAMERA,02_Work,工作,E:\待整理照片\我的图片\相册\照片\100_3771.JPG,13824_0.jpg
7,2005-01-05,2005,35,0,0.644,KODAK Z7590 ZOOM DIGITAL CAMERA,01_Personal,旅行,E:\待整理照片\我的图片\相册\照片\100_2496.JPG,13704_4.jpg
8,2005-01-05,2005,50,0,0.847,KODAK Z7590 ZOOM DIGITAL CAMERA,01_Personal,人物,E:\待整理照片\我的图片\相册\照片\100_2518.JPG,13716_0.jpg
9,2005-01-05,2005,65,1,0.560,KODAK Z7590 ZOOM DIGITAL CAMERA,01_Personal,旅行,E:\待整理照片\我的图片\相册\照片\100_2519.JPG,13717_1.jpg
10,2005-01-05,2005,79,1,0.894,KODAK Z7590 ZOOM DIGITAL CAMERA,01_Personal,人物,E:\待整理照片\我的图片\相册\照片\100_2521.JPG,13719_0.jpg
11,2005-01-05,2005,43,0,0.828,KODAK Z7590 ZOOM DIGITAL CAMERA,01_Personal,人物,E:\待整理照片\我的图片\相册\照片\100_2531.JPG,13729_1.jpg
12,2005-01-06,2005,25,1,0.784,KODAK Z7590 ZOOM DIGITAL CAMERA,01_Personal,旅行,E:\待整理照片\我的图片\相册\照片\100_2568.JPG,13766_1.jpg
13,2005-01-06,2005,28,0,0.907,KODAK Z7590 ZOOM DIGITAL CAMERA,01_Personal,旅行,E:\待整理照片\我的图片\相册\照片\100_2581.JPG,13778_0.jpg
14,2005-01-06,2005,24,1,0.902,KODAK Z7590 ZOOM DIGITAL CAMERA,01_Personal,旅行,E:\待整理照片\我的图片\相册\照片\100_2583.JPG,13780_1.jpg
15,2005-09-11,2005,31,0,0.913,FinePix S3Pro  ,01_Personal,人物,E:\待整理照片\我的图片\相册\2005.09.11\2005.09.11皓皓一周岁\DSCF1297.JPG,15338_0.jpg
16,2005-12-26,2005,37,0,0.870,NIKON D70s,01_Personal,人物,E:\待整理照片\我的图片\相册\2005.12.26二表姐婚礼\DSC_0057.JPG,9894_2.jpg
17,2005-12-26,2005,37,0,0.830,NIKON D70s,01_Personal,人物,E:\待整理照片\我的图片\相册\2005.12.26二表姐婚礼\DSC_0167.JPG,9900_2.jpg
18,2006-01-29,2006,36,1,0.530,KODAK Z7590 ZOOM DIGITAL CAMERA,01_Personal,人物,E:\待整理照片\我的图片\相册\2006.1.29\100_0355.JPG,10073_9.jpg
19,2006-03-18,2006,28,1,0.884,CYBERSHOT,01_Personal,旅行,E:\待整理照片\我的图片\相册\2006.03.18\DSC09211.JPG,9934_0.jpg
20,2006-03-18,2006,26,1,0.886,CYBERSHOT,01_Personal,旅行,E:\待整理照片\我的图片\相册\2006.03.18\DSC09212.JPG,9935_0.jpg
21,2006-03-18,2006,35,1,0.902,CYBERSHOT,01_Personal,人物,E:\待整理照片\我的图片\相册\2006.03.18\DSC09214.JPG,9937_0.jpg
22,2006-03-18,2006,28,1,0.911,CYBERSHOT,01_Personal,旅行,E:\待整理照片\我的图片\相册\2006.03.18\DSC09215.JPG,9938_0.jpg
23,2006-03-18,2006,27,1,0.862,CYBERSHOT,01_Personal,旅行,E:\待整理照片\我的图片\相册\2006.03.18\DSC09216.JPG,9939_0.jpg
24,2006-03-18,2006,25,1,0.890,CYBERSHOT,01_Personal,人物,E:\待整理照片\我的图片\相册\2006.03.18\DSC09221.JPG,9944_0.jpg
25,2006-03-18,2006,25,1,0.892,CYBERSHOT,01_Personal,旅行,E:\待整理照片\我的图片\相册\2006.03.18\DSC09223.JPG,9946_0.jpg
26,2006-03-18,2006,25,1,0.835,CYBERSHOT,01_Personal,人物,E:\待整理照片\我的图片\相册\2006.03.18\DSC09224.JPG,9947_0.jpg
27,2006-03-18,2006,24,1,0.902,CYBERSHOT,01_Personal,旅行,E:\待整理照片\我的图片\相册\2006.03.18\DSC09226.JPG,9949_0.jpg
28,2006-03-18,2006,26,1,0.880,CYBERSHOT,01_Personal,旅行,E:\待整理照片\我的图片\相册\2006.03.18\DSC09227.JPG,9950_0.jpg
29,2006-03-18,2006,68,0,0.635,CYBERSHOT,01_Personal,旅行,E:\待整理照片\我的图片\相册\2006.03.18\DSC09229.JPG,9952_5.jpg
30,2006-03-18,2006,27,1,0.898,CYBERSHOT,01_Personal,旅行,E:\待整理照片\我的图片\相册\2006.03.18\DSC09230.JPG,9953_0.jpg
31,2006-03-18,2006,27,1,0.896,CYBERSHOT,01_Personal,旅行,E:\待整理照片\我的图片\相册\2006.03.18\DSC09231.JPG,9954_0.jpg
32,2006-03-18,2006,55,1,0.773,CYBERSHOT,01_Personal,人物,E:\待整理照片\我的图片\相册\2006.03.18\DSC09233.JPG,9955_0.jpg
33,2006-03-18,2006,25,1,0.870,CYBERSHOT,01_Personal,人物,E:\待整理照片\我的图片\相册\2006.03.18\DSC09234.JPG,9956_0.jpg
34,2006-10-24,2006,7,0,0.871,DSC-P73,02_Work,工作,E:\待整理照片\我的图片\相册\2006.03-2007.01融水工作\工作照\DSC00677.JPG,15293_4.jpg
35,2006-10-24,2006,72,1,0.743,DSC-P73,02_Work,工作,E:\待整理照片\我的图片\相册\2006.03-2007.01融水工作\工作照\DSC00680.JPG,15296_1.jpg
36,2006-10-24,2006,28,1,0.786,DSC-P73,02_Work,人物,E:\待整理照片\我的图片\相册\2006.03-2007.01融水工作\工作照\DSC00688.JPG,15301_1.jpg
37,2006-10-24,2006,21,1,0.901,DSC-P73,02_Work,旅行,E:\待整理照片\我的图片\相册\2006.03-2007.01融水工作\工作照\DSC00700.JPG,15306_0.jpg
38,2006-10-24,2006,38,1,0.864,DSC-P73,02_Work,工作,E:\待整理照片\我的图片\相册\2006.03-2007.01融水工作\工作照\DSC00713.JPG,15310_2.jpg
39,2006-10-24,2006,23,1,0.897,DSC-P73,02_Work,旅行,E:\待整理照片\我的图片\相册\2006.03-2007.01融水工作\工作照\DSC00723.JPG,15312_0.jpg
40,2006-10-24,2006,41,1,0.884,DSC-P73,02_Work,人物,E:\待整理照片\我的图片\相册\2006.03-2007.01融水工作\工作照\DSC00725.JPG,15314_0.jpg
41,2007-01-30,2007,53,1,0.851,CYBERSHOT,02_Work,人物,E:\待整理照片\我的图片\相册\2006.03-2007.01融水工作\2771890101.jpg,9923_2.jpg
42,2007-01-30,2007,25,1,0.864,CYBERSHOT,02_Work,人物,E:\待整理照片\我的图片\相册\2006.03-2007.01融水工作\2771902431.jpg,9924_5.jpg
43,2007-02-21,2007,57,0,0.892,NIKON D70,01_Personal,人物,E:\待整理照片\我的图片\相册\照片\2007.02.21全家福.JPG,13829_2.jpg
44,2007-02-22,2007,56,1,0.842,KODAK Z7590 ZOOM DIGITAL CAMERA,01_Personal,人物,E:\待整理照片\我的图片\相册\2007.02.18\100_0605.JPG,10112_1.jpg
45,2007-12-13,2007,24,1,0.886,KODAK Z7590 ZOOM DIGITAL CAMERA,01_Personal,旅行,E:\待整理照片\我的图片\相册\2007.12.13\100_0739.JPG,10155_0.jpg
46,2007-12-13,2007,23,1,0.882,KODAK Z7590 ZOOM DIGITAL CAMERA,01_Personal,旅行,E:\待整理照片\我的图片\相册\2007.12.13\100_0740.JPG,10156_0.jpg
47,2007-12-13,2007,29,1,0.924,KODAK Z7590 ZOOM DIGITAL CAMERA,01_Personal,人物,E:\待整理照片\我的图片\相册\2007.12.13\100_0747.JPG,10161_0.jpg
48,2008-02-23,2008,23,0,0.850,KODAK Z7590 ZOOM DIGITAL CAMERA,01_Personal,旅行,E:\待整理照片\我的图片\相册\2008.02.23\100_0765.JPG,10338_1.jpg
49,2008-02-23,2008,32,0,0.890,KODAK Z7590 ZOOM DIGITAL CAMERA,01_Personal,旅行,E:\待整理照片\我的图片\相册\2008.02.23\100_0768.JPG,10341_0.jpg
50,2008-02-23,2008,26,1,0.878,KODAK Z7590 ZOOM DIGITAL CAMERA,01_Personal,旅行,E:\待整理照片\我的图片\相册\2008.02.23\100_0769.JPG,10342_2.jpg
51,2009-01-30,2009,36,1,0.893,KODAK Z7590 ZOOM DIGITAL CAMERA,01_Personal,人物,E:\待整理照片\我的图片\相册\1.30\100_1711.JPG,9076_3.jpg
52,2009-01-30,2009,52,1,0.899,KODAK Z7590 ZOOM DIGITAL CAMERA,01_Personal,人物,E:\待整理照片\我的图片\相册\1.30\100_1718.JPG,9083_7.jpg
53,2009-01-30,2009,31,0,0.903,KODAK Z7590 ZOOM DIGITAL CAMERA,01_Personal,人物,E:\待整理照片\我的图片\相册\1.30\100_1723.JPG,9088_8.jpg
54,2009-01-30,2009,46,1,0.904,KODAK Z7590 ZOOM DIGITAL CAMERA,01_Personal,人物,E:\待整理照片\我的图片\相册\1.30\100_1724.JPG,9089_9.jpg
55,2009-01-30,2009,62,1,0.907,KODAK Z7590 ZOOM DIGITAL CAMERA,01_Personal,人物,E:\待整理照片\我的图片\相册\1.30\100_1727.JPG,9092_0.jpg
56,2009-08-02,2009,51,1,0.893,KODAK Z7590 ZOOM DIGITAL CAMERA,02_Work,旅行,E:\待整理照片\我的图片\相册\照片\100_2204.JPG,13445_0.jpg
57,2009-08-02,2009,40,1,0.615,KODAK Z7590 ZOOM DIGITAL CAMERA,01_Personal,人物,E:\待整理照片\我的图片\相册\照片\100_2206.JPG,13446_9.jpg
58,2009-08-02,2009,30,1,0.886,KODAK Z7590 ZOOM DIGITAL CAMERA,01_Personal,人物,E:\待整理照片\我的图片\相册\照片\100_2213.JPG,13448_0.jpg
59,2009-08-02,2009,32,1,0.897,<Digimax S500 / Kenox S500 / Digimax Cyber 530>,01_Personal,旅行,E:\待整理照片\我的图片\相册\照片\S5003712.JPG,14216_0.jpg
60,2009-08-02,2009,40,1,0.888,<Digimax S500 / Kenox S500 / Digimax Cyber 530>,01_Personal,旅行,E:\待整理照片\我的图片\相册\照片\S5003715.JPG,14217_0.jpg
61,2009-08-03,2009,60,0,0.799,KODAK Z7590 ZOOM DIGITAL CAMERA,01_Personal,旅行,E:\待整理照片\我的图片\相册\照片\100_2230.JPG,13462_2.jpg
62,2009-08-03,2009,23,1,0.902,KODAK Z7590 ZOOM DIGITAL CAMERA,01_Personal,旅行,E:\待整理照片\我的图片\相册\照片\100_2251.JPG,13480_0.jpg
63,2009-08-03,2009,24,1,0.897,KODAK Z7590 ZOOM DIGITAL CAMERA,01_Personal,旅行,E:\待整理照片\我的图片\相册\照片\100_2255.JPG,13484_0.jpg
64,2009-08-03,2009,26,1,0.903,KODAK Z7590 ZOOM DIGITAL CAMERA,01_Personal,旅行,E:\待整理照片\我的图片\相册\照片\100_2258.JPG,13487_0.jpg
65,2009-08-03,2009,45,0,0.888,KODAK Z7590 ZOOM DIGITAL CAMERA,01_Personal,旅行,E:\待整理照片\我的图片\相册\照片\100_2261.JPG,13489_0.jpg
66,2009-08-03,2009,26,1,0.900,KODAK Z7590 ZOOM DIGITAL CAMERA,01_Personal,旅行,E:\待整理照片\我的图片\相册\照片\100_2263.JPG,13490_0.jpg
67,2009-08-03,2009,49,1,0.898,KODAK Z7590 ZOOM DIGITAL CAMERA,01_Personal,人物,E:\待整理照片\我的图片\相册\照片\100_2265.JPG,13492_0.jpg
68,2009-08-03,2009,40,0,0.852,KODAK Z7590 ZOOM DIGITAL CAMERA,01_Personal,人物,E:\待整理照片\我的图片\相册\照片\100_2270.JPG,13497_0.jpg
69,2009-08-03,2009,39,1,0.899,<Digimax S500 / Kenox S500 / Digimax Cyber 530>,01_Personal,人物,E:\待整理照片\我的图片\相册\照片\S5003748.JPG,14219_0.jpg
70,2009-08-03,2009,33,1,0.788,Canon DIGITAL IXUS 500,01_Personal,旅行,E:\待整理照片\我的图片\相册\照片\照片 134.jpg,14238_0.jpg
71,2009-08-03,2009,45,1,0.850,Canon DIGITAL IXUS 500,01_Personal,旅行,E:\待整理照片\我的图片\相册\照片\照片 135.jpg,14239_0.jpg
72,2009-08-03,2009,38,1,0.507,Canon DIGITAL IXUS 500,01_Personal,人物,E:\待整理照片\我的图片\相册\照片\照片 153.jpg,14241_4.jpg
73,2009-08-04,2009,30,1,0.565,KODAK Z7590 ZOOM DIGITAL CAMERA,01_Personal,旅行,E:\待整理照片\我的图片\相册\照片\100_2281.JPG,13505_3.jpg
74,2009-08-04,2009,29,1,0.887,KODAK Z7590 ZOOM DIGITAL CAMERA,01_Personal,旅行,E:\待整理照片\我的图片\相册\照片\100_2283.JPG,13507_0.jpg
75,2009-08-04,2009,30,1,0.881,KODAK Z7590 ZOOM DIGITAL CAMERA,01_Personal,旅行,E:\待整理照片\我的图片\相册\照片\100_2284.JPG,13508_0.jpg
76,2009-08-04,2009,23,1,0.882,KODAK Z7590 ZOOM DIGITAL CAMERA,01_Personal,旅行,E:\待整理照片\我的图片\相册\照片\100_2285.JPG,13509_0.jpg
77,2009-08-04,2009,39,1,0.745,KODAK Z7590 ZOOM DIGITAL CAMERA,01_Personal,旅行,E:\待整理照片\我的图片\相册\照片\100_2292.JPG,13516_1.jpg
78,2009-08-04,2009,40,0,0.616,KODAK Z7590 ZOOM DIGITAL CAMERA,01_Personal,旅行,E:\待整理照片\我的图片\相册\照片\100_2294.JPG,13518_2.jpg
79,2009-08-04,2009,29,1,0.882,KODAK Z7590 ZOOM DIGITAL CAMERA,01_Personal,旅行,E:\待整理照片\我的图片\相册\照片\100_2296.JPG,13520_0.jpg
80,2009-08-04,2009,30,1,0.888,KODAK Z7590 ZOOM DIGITAL CAMERA,01_Personal,旅行,E:\待整理照片\我的图片\相册\照片\100_2307.JPG,13529_0.jpg
81,2009-08-04,2009,26,0,0.900,KODAK Z7590 ZOOM DIGITAL CAMERA,01_Personal,旅行,E:\待整理照片\我的图片\相册\照片\100_2311.JPG,13532_0.jpg
82,2009-08-04,2009,38,1,0.901,<Digimax S500 / Kenox S500 / Digimax Cyber 530>,01_Personal,旅行,E:\待整理照片\我的图片\相册\照片\S5003759.JPG,14220_0.jpg
83,2009-08-04,2009,29,1,0.879,Canon DIGITAL IXUS 500,01_Personal,旅行,E:\待整理照片\我的图片\相册\照片\照片 163.jpg,14243_0.jpg
84,2009-08-04,2009,58,1,0.898,Canon DIGITAL IXUS 500,01_Personal,旅行,E:\待整理照片\我的图片\相册\照片\照片 189.jpg,14247_0.jpg
85,2009-08-04,2009,47,1,0.867,Canon DIGITAL IXUS 500,01_Personal,旅行,E:\待整理照片\我的图片\相册\照片\照片 195.jpg,14248_0.jpg
86,2009-08-05,2009,35,1,0.891,KODAK Z7590 ZOOM DIGITAL CAMERA,01_Personal,旅行,E:\待整理照片\我的图片\相册\照片\100_2337.JPG,13557_0.jpg
87,2009-08-05,2009,37,1,0.854,KODAK Z7590 ZOOM DIGITAL CAMERA,01_Personal,旅行,E:\待整理照片\我的图片\相册\照片\100_2349.JPG,13569_0.jpg
88,2009-08-05,2009,24,1,0.879,KODAK Z7590 ZOOM DIGITAL CAMERA,01_Personal,旅行,E:\待整理照片\我的图片\相册\照片\100_2366.JPG,13586_0.jpg
89,2009-08-05,2009,45,1,0.895,Canon DIGITAL IXUS 500,01_Personal,旅行,E:\待整理照片\我的图片\相册\照片\照片 216.jpg,14250_0.jpg
90,2009-08-06,2009,37,1,0.872,KODAK Z7590 ZOOM DIGITAL CAMERA,01_Personal,人物,E:\待整理照片\我的图片\相册\照片\100_2392.JPG,13612_0.jpg
91,2009-08-06,2009,41,1,0.870,KODAK Z7590 ZOOM DIGITAL CAMERA,01_Personal,人物,E:\待整理照片\我的图片\相册\照片\100_2407.JPG,13621_0.jpg
92,2009-08-06,2009,51,0,0.901,KODAK Z7590 ZOOM DIGITAL CAMERA,01_Personal,旅行,E:\待整理照片\我的图片\相册\照片\100_2413.JPG,13626_0.jpg
93,2009-08-09,2009,28,0,0.901,KODAK Z7590 ZOOM DIGITAL CAMERA,01_Personal,人物,E:\待整理照片\我的图片\相册\照片\100_2439.JPG,13648_1.jpg
94,2009-08-09,2009,53,1,0.864,KODAK Z7590 ZOOM DIGITAL CAMERA,01_Personal,人物,E:\待整理照片\我的图片\相册\照片\100_2440.JPG,13649_6.jpg
95,2009-08-09,2009,39,0,0.881,KODAK Z7590 ZOOM DIGITAL CAMERA,01_Personal,人物,E:\待整理照片\我的图片\相册\照片\100_2441.JPG,13650_5.jpg
96,2009-09-05,2009,49,0,0.661,N79,01_Personal,人物,E:\待整理照片\我的图片\相册\200909\20090905004.jpg,10357_1.jpg
97,2009-11-14,2009,24,1,0.891,N79,01_Personal,旅行,E:\待整理照片\我的图片\相册\照片\20091114006.jpg,13873_0.jpg
98,2010-10-06,2010,25,1,0.895,KODAK Z7590 ZOOM DIGITAL CAMERA,01_Personal,人物,E:\待整理照片\我的图片\相册\2011.10.1\100_3205.JPG,10678_0.jpg
99,2010-10-18,2010,25,1,0.870,6120c,01_Personal,人物,E:\待整理照片\我的图片\相册\照片\20101018(001) (1).jpg,13874_0.jpg
100,2010-10-18,2010,56,1,0.577,6120c,01_Personal,人物,E:\待整理照片\我的图片\相册\照片\20101018(001).jpg,13875_1.jpg
101,2010-11-17,2010,34,0,0.768,6120c,04_Downloads,网络素材,E:\待整理照片\我的图片\相册\照片\20101117(002) (1).jpg,13876_1.jpg
102,2010-11-19,2010,48,0,0.808,Canon PowerShot A640,01_Personal,人物,E:\待整理照片\我的图片\相册\照片\IMG_5721.jpg,14208_4.jpg
103,2010-11-25,2010,70,1,0.840,6120c,02_Work,工作,E:\待整理照片\我的图片\相册\照片\20101125(006).jpg,13892_1.jpg
104,2010-11-27,2010,28,1,0.713,6120c,01_Personal,人物,E:\待整理照片\我的图片\相册\照片\20101127(004).jpg,13900_29.jpg
105,2010-12-04,2010,63,1,0.606,6120c,02_Work,工作,E:\待整理照片\我的图片\相册\照片\20101204(002).jpg,13902_4.jpg
106,2011-02-02,2011,75,1,0.778,W800i,01_Personal,旅行,E:\待整理照片\我的图片\相册\我的图片\DSC00223.JPG,11252_2.jpg
107,2011-02-02,2011,58,1,0.867,W800i,01_Personal,人物,E:\待整理照片\我的图片\相册\我的图片\DSC00224.JPG,11253_3.jpg
108,2011-02-02,2011,38,0,0.643,6120c,01_Personal,美食,E:\待整理照片\我的图片\相册\照片\20110202(007).jpg,13927_5.jpg
109,2011-02-04,2011,35,0,0.858,5530,01_Personal,人物,E:\待整理照片\我的图片\相册\照片\20110204014.jpg,13938_1.jpg
110,2011-02-04,2011,40,1,0.880,5530,01_Personal,人物,E:\待整理照片\我的图片\相册\照片\20110204025.jpg,13945_0.jpg
111,2011-02-04,2011,51,1,0.595,5530,01_Personal,旅行,E:\待整理照片\我的图片\相册\照片\20110204026.jpg,13946_3.jpg
112,2011-02-07,2011,68,1,0.901,DSC-T1,01_Personal,人物,E:\待整理照片\我的图片\相册\照片\DSC01738.JPG,14054_1.jpg
113,2011-02-07,2011,31,1,0.554,DSC-T1,01_Personal,旅行,E:\待整理照片\我的图片\相册\照片\DSC01739.JPG,14055_3.jpg
114,2011-02-07,2011,40,1,0.550,DSC-T1,01_Personal,旅行,E:\待整理照片\我的图片\相册\照片\DSC01740.JPG,14056_5.jpg
115,2011-02-07,2011,34,1,0.583,DSC-T1,01_Personal,旅行,E:\待整理照片\我的图片\相册\照片\DSC01742.JPG,14058_1.jpg
116,2011-02-07,2011,28,1,0.848,DSC-T1,01_Personal,人物,E:\待整理照片\我的图片\相册\照片\DSC01751.JPG,14067_0.jpg
117,2011-02-07,2011,42,1,0.863,DSC-T1,01_Personal,人物,E:\待整理照片\我的图片\相册\照片\DSC01767.JPG,14077_0.jpg
118,2011-02-07,2011,61,0,0.862,DSC-T1,01_Personal,人物,E:\待整理照片\我的图片\相册\照片\DSC01768.JPG,14078_0.jpg
119,2011-02-07,2011,51,0,0.650,DSC-T1,01_Personal,旅行,E:\待整理照片\我的图片\相册\照片\DSC01769.JPG,14079_1.jpg
120,2011-02-07,2011,29,1,0.898,DSC-T1,01_Personal,人物,E:\待整理照片\我的图片\相册\照片\DSC01770.JPG,14080_0.jpg
121,2011-02-07,2011,60,1,0.720,DSC-T1,01_Personal,人物,E:\待整理照片\我的图片\相册\照片\DSC01771.JPG,14081_1.jpg
122,2011-02-08,2011,48,1,0.905,W800i,03_Screenshots,人物,E:\待整理照片\我的图片\相册\我的图片\DSC00225.JPG,11254_0.jpg
123,2011-02-08,2011,43,0,0.787,W800i,03_Screenshots,人物,E:\待整理照片\我的图片\相册\我的图片\DSC00226.JPG,11255_2.jpg
124,2011-04-05,2011,38,1,0.754,6120c,01_Personal,其他,E:\待整理照片\我的图片\相册\照片\20110405(001).jpg,13970_0.jpg
125,2011-04-10,2011,37,0,0.681,6120c,01_Personal,美食,E:\待整理照片\我的图片\相册\照片\20110410(001).jpg,13976_1.jpg
126,2011-06-01,2011,47,1,0.843,<Digimax S500 / Kenox S500 / Digimax Cyber 530>,01_Personal,旅行,E:\待整理照片\我的图片\相册\2011.08\S5000044.JPG,10472_0.jpg
127,2011-06-02,2011,27,1,0.898,<Digimax S500 / Kenox S500 / Digimax Cyber 530>,01_Personal,旅行,E:\待整理照片\我的图片\相册\2011.08\S5000048.JPG,10473_0.jpg
128,2011-06-03,2011,31,1,0.876,<Digimax S500 / Kenox S500 / Digimax Cyber 530>,01_Personal,旅行,E:\待整理照片\我的图片\相册\2011.08\S5000134.JPG,10492_0.jpg
129,2011-06-04,2011,55,1,0.882,<Digimax S500 / Kenox S500 / Digimax Cyber 530>,01_Personal,人物,E:\待整理照片\我的图片\相册\2011.08\S5000006.JPG,10466_1.jpg
130,2011-06-04,2011,29,1,0.902,<Digimax S500 / Kenox S500 / Digimax Cyber 530>,01_Personal,旅行,E:\待整理照片\我的图片\相册\2011.08\S5000015.JPG,10467_0.jpg
131,2011-06-04,2011,36,1,0.878,<Digimax S500 / Kenox S500 / Digimax Cyber 530>,01_Personal,旅行,E:\待整理照片\我的图片\相册\2011.08\S5000016.JPG,10468_0.jpg
132,2011-06-04,2011,38,1,0.881,<Digimax S500 / Kenox S500 / Digimax Cyber 530>,01_Personal,旅行,E:\待整理照片\我的图片\相册\2011.08\S5000017.JPG,10469_0.jpg
133,2011-06-04,2011,31,1,0.901,<Digimax S500 / Kenox S500 / Digimax Cyber 530>,01_Personal,人物,E:\待整理照片\我的图片\相册\2011.08\S5000030.JPG,10470_0.jpg
134,2011-06-04,2011,48,1,0.609,<Digimax S500 / Kenox S500 / Digimax Cyber 530>,01_Personal,旅行,E:\待整理照片\我的图片\相册\2011.08\S51000033.JPG,10496_0.jpg
135,2011-06-05,2011,34,1,0.533,<Digimax S500 / Kenox S500 / Digimax Cyber 530>,01_Personal,旅行,E:\待整理照片\我的图片\相册\2011.08\S5000081.JPG,10475_7.jpg
136,2011-06-05,2011,34,1,0.852,<Digimax S500 / Kenox S500 / Digimax Cyber 530>,01_Personal,旅行,E:\待整理照片\我的图片\相册\2011.08\S5000087.JPG,10476_0.jpg
137,2011-06-05,2011,31,0,0.778,<Digimax S500 / Kenox S500 / Digimax Cyber 530>,01_Personal,旅行,E:\待整理照片\我的图片\相册\2011.08\S5000096.JPG,10479_0.jpg
138,2011-06-05,2011,31,1,0.868,<Digimax S500 / Kenox S500 / Digimax Cyber 530>,01_Personal,旅行,E:\待整理照片\我的图片\相册\2011.08\S5000100.JPG,10480_0.jpg
139,2011-06-05,2011,31,1,0.870,<Digimax S500 / Kenox S500 / Digimax Cyber 530>,01_Personal,旅行,E:\待整理照片\我的图片\相册\2011.08\S5000101.JPG,10481_0.jpg
140,2011-06-05,2011,43,1,0.898,<Digimax S500 / Kenox S500 / Digimax Cyber 530>,01_Personal,旅行,E:\待整理照片\我的图片\相册\2011.08\S5000103.JPG,10483_0.jpg
141,2011-06-05,2011,40,1,0.863,<Digimax S500 / Kenox S500 / Digimax Cyber 530>,01_Personal,旅行,E:\待整理照片\我的图片\相册\2011.08\S5000110.JPG,10484_0.jpg
142,2011-06-05,2011,31,1,0.852,<Digimax S500 / Kenox S500 / Digimax Cyber 530>,01_Personal,旅行,E:\待整理照片\我的图片\相册\2011.08\S5000111.JPG,10485_0.jpg
143,2011-06-05,2011,43,1,0.874,<Digimax S500 / Kenox S500 / Digimax Cyber 530>,01_Personal,旅行,E:\待整理照片\我的图片\相册\2011.08\S5000112.JPG,10486_0.jpg
144,2011-06-05,2011,30,1,0.908,<Digimax S500 / Kenox S500 / Digimax Cyber 530>,01_Personal,旅行,E:\待整理照片\我的图片\相册\2011.08\S5000122.JPG,10489_0.jpg
145,2011-06-05,2011,31,1,0.791,<Digimax S500 / Kenox S500 / Digimax Cyber 530>,01_Personal,旅行,E:\待整理照片\我的图片\相册\2011.08\S5000132.JPG,10491_1.jpg
146,2011-06-05,2011,31,1,0.879,<Digimax S500 / Kenox S500 / Digimax Cyber 530>,01_Personal,旅行,E:\待整理照片\我的图片\相册\2011.08\S5000136.JPG,10494_0.jpg
147,2011-06-05,2011,72,0,0.852,<Digimax S500 / Kenox S500 / Digimax Cyber 530>,01_Personal,旅行,E:\待整理照片\我的图片\相册\2011.08\S51000119.JPG,10498_1.jpg
148,2011-06-22,2011,26,1,0.761,GT-I9000,01_Personal,人物,E:\待整理照片\我的图片\相册\照片\Camera\IMG_20110622_194623.jpg,14367_3.jpg
149,2011-06-22,2011,44,1,0.872,GT-I9000,01_Personal,人物,E:\待整理照片\我的图片\相册\照片\Camera\IMG_20110622_211309.jpg,14372_0.jpg
150,2011-07-07,2011,37,0,0.814,GT-I9000,01_Personal,人物,E:\待整理照片\我的图片\相册\照片\Camera\IMG_20110707_093026.jpg,14400_2.jpg
151,2011-08-01,2011,31,1,0.880,COOLPIX S7   ,01_Personal,旅行,E:\待整理照片\我的图片\相册\2011.08\华东五市旅游 003.jpg,10512_0.jpg
152,2011-08-01,2011,30,0,0.685,COOLPIX S7   ,01_Personal,旅行,E:\待整理照片\我的图片\相册\2011.08\华东五市旅游 006.jpg,10513_1.jpg
153,2011-08-01,2011,23,1,0.880,COOLPIX S7   ,01_Personal,旅行,E:\待整理照片\我的图片\相册\2011.08\华东五市旅游 008.jpg,10514_0.jpg
154,2011-08-01,2011,36,1,0.762,COOLPIX S7   ,01_Personal,人物,E:\待整理照片\我的图片\相册\2011.08\华东五市旅游 026.jpg,10515_1.jpg
155,2011-08-01,2011,43,1,0.643,COOLPIX S7   ,01_Personal,旅行,E:\待整理照片\我的图片\相册\2011.08\华东五市旅游 027.jpg,10516_1.jpg
156,2011-08-01,2011,46,1,0.755,COOLPIX S7   ,01_Personal,旅行,E:\待整理照片\我的图片\相册\2011.08\华东五市旅游 028.jpg,10517_1.jpg
157,2011-08-01,2011,53,1,0.786,COOLPIX S7   ,01_Personal,旅行,E:\待整理照片\我的图片\相册\2011.08\华东五市旅游 029.jpg,10518_1.jpg
158,2011-08-01,2011,43,1,0.679,COOLPIX S7   ,02_Work,旅行,E:\待整理照片\我的图片\相册\2011.08\华东五市旅游 039.jpg,10521_1.jpg
159,2011-08-01,2011,32,1,0.869,COOLPIX S7   ,01_Personal,旅行,E:\待整理照片\我的图片\相册\2011.08\华东五市旅游 042.jpg,10522_0.jpg
160,2011-08-01,2011,28,1,0.803,COOLPIX S7   ,01_Personal,旅行,E:\待整理照片\我的图片\相册\2011.08\华东五市旅游 043.jpg,10523_0.jpg
161,2011-08-01,2011,34,0,0.506,COOLPIX S7   ,01_Personal,旅行,E:\待整理照片\我的图片\相册\2011.08\华东五市旅游 050.jpg,10526_21.jpg
162,2011-08-01,2011,27,1,0.879,COOLPIX S7   ,01_Personal,旅行,E:\待整理照片\我的图片\相册\2011.08\华东五市旅游 052.jpg,10527_0.jpg
163,2011-08-01,2011,53,1,0.522,COOLPIX S7   ,01_Personal,旅行,E:\待整理照片\我的图片\相册\2011.08\华东五市旅游 053.jpg,10528_1.jpg
164,2011-08-01,2011,51,1,0.579,COOLPIX S7   ,01_Personal,旅行,E:\待整理照片\我的图片\相册\2011.08\华东五市旅游 069.jpg,10532_1.jpg
165,2011-08-01,2011,24,1,0.792,COOLPIX S7   ,01_Personal,旅行,E:\待整理照片\我的图片\相册\2011.08\华东五市旅游 102.jpg,10534_0.jpg
166,2011-08-01,2011,26,1,0.888,COOLPIX S7   ,01_Personal,旅行,E:\待整理照片\我的图片\相册\2011.08\华东五市旅游 106.jpg,10535_0.jpg
167,2011-08-01,2011,26,1,0.908,COOLPIX S7   ,01_Personal,旅行,E:\待整理照片\我的图片\相册\2011.08\华东五市旅游 113.jpg,10536_0.jpg
168,2011-08-02,2011,52,0,0.535,Canon IXUS 105,01_Personal,旅行,E:\待整理照片\我的图片\相册\2011.08\华东5市照片 112.jpg,10502_3.jpg
169,2011-08-02,2011,62,0,0.900,COOLPIX S7   ,01_Personal,人物,E:\待整理照片\我的图片\相册\2011.08\华东五市旅游 127.jpg,10538_1.jpg
170,2011-08-02,2011,50,1,0.884,COOLPIX S7   ,01_Personal,人物,E:\待整理照片\我的图片\相册\2011.08\华东五市旅游 128.jpg,10539_4.jpg
171,2011-08-03,2011,45,1,0.628,Canon IXUS 105,01_Personal,旅行,E:\待整理照片\我的图片\相册\2011.08\华东5市照片 164.jpg,10503_1.jpg
172,2011-08-03,2011,29,1,0.872,Canon IXUS 105,01_Personal,旅行,E:\待整理照片\我的图片\相册\2011.08\华东5市照片 239.jpg,10504_0.jpg
173,2011-08-03,2011,29,1,0.905,Canon IXUS 105,01_Personal,旅行,E:\待整理照片\我的图片\相册\2011.08\华东5市照片 240.jpg,10505_0.jpg
174,2011-08-03,2011,31,1,0.677,COOLPIX S7   ,02_Work,工作,E:\待整理照片\我的图片\相册\2011.08\华东五市旅游 212.jpg,10544_4.jpg
175,2011-08-03,2011,25,1,0.889,COOLPIX S7   ,01_Personal,旅行,E:\待整理照片\我的图片\相册\2011.08\华东五市旅游 225.jpg,10545_0.jpg
176,2011-08-03,2011,50,1,0.525,COOLPIX S7   ,01_Personal,旅行,E:\待整理照片\我的图片\相册\2011.08\华东五市旅游 227.jpg,10546_2.jpg
177,2011-08-03,2011,33,1,0.889,COOLPIX S7   ,01_Personal,旅行,E:\待整理照片\我的图片\相册\2011.08\华东五市旅游 232.jpg,10547_0.jpg
178,2011-08-03,2011,44,1,0.908,Canon DIGITAL IXUS 120 IS,01_Personal,人物,E:\待整理照片\我的图片\相册\2011.08\照片 176.jpg,10560_4.jpg
179,2011-08-03,2011,34,0,0.553,Canon DIGITAL IXUS 120 IS,01_Personal,人物,E:\待整理照片\我的图片\相册\2011.08\照片 178.jpg,10562_15.jpg
180,2011-08-03,2011,35,1,0.655,COOLPIX S7   ,01_Personal,旅行,E:\待整理照片\我的图片\相册\照片\华东五市旅游 227.jpg,14231_0.jpg
181,2011-08-04,2011,26,1,0.880,COOLPIX S7   ,01_Personal,旅行,E:\待整理照片\我的图片\相册\2011.08\华东五市旅游 263.jpg,10548_0.jpg
182,2011-08-04,2011,28,1,0.898,COOLPIX S7   ,01_Personal,旅行,E:\待整理照片\我的图片\相册\2011.08\华东五市旅游 270.jpg,10550_1.jpg
183,2011-08-04,2011,51,1,0.865,COOLPIX S7   ,01_Personal,旅行,E:\待整理照片\我的图片\相册\2011.08\华东五市旅游 293.jpg,10552_0.jpg
184,2011-08-04,2011,27,1,0.837,COOLPIX S7   ,01_Personal,旅行,E:\待整理照片\我的图片\相册\2011.08\华东五市旅游 302.jpg,10553_0.jpg
185,2011-08-04,2011,26,1,0.898,COOLPIX S7   ,01_Personal,旅行,E:\待整理照片\我的图片\相册\2011.08\华东五市旅游 354.jpg,10554_0.jpg
186,2011-08-04,2011,31,1,0.784,COOLPIX S7   ,01_Personal,旅行,E:\待整理照片\我的图片\相册\2011.08\华东五市旅游 387.jpg,10555_0.jpg
187,2011-08-04,2011,44,1,0.893,Canon DIGITAL IXUS 120 IS,01_Personal,旅行,E:\待整理照片\我的图片\相册\2011.08\照片 211.jpg,10563_0.jpg
188,2011-08-04,2011,53,1,0.891,Canon DIGITAL IXUS 120 IS,01_Personal,人物,E:\待整理照片\我的图片\相册\2011.08\照片 213.jpg,10565_0.jpg
189,2011-08-04,2011,41,0,0.705,Canon DIGITAL IXUS 120 IS,01_Personal,旅行,E:\待整理照片\我的图片\相册\2011.08\照片 266.jpg,10567_0.jpg
190,2011-08-04,2011,28,1,0.860,Canon DIGITAL IXUS 120 IS,01_Personal,旅行,E:\待整理照片\我的图片\相册\2011.08\照片 283.jpg,10568_1.jpg
191,2011-08-05,2011,24,1,0.879,Canon IXUS 105,01_Personal,旅行,E:\待整理照片\我的图片\相册\2011.08\华东5市照片 495.jpg,10507_1.jpg
192,2011-08-05,2011,29,1,0.906,Canon IXUS 105,01_Personal,旅行,E:\待整理照片\我的图片\相册\2011.08\华东5市照片 509.jpg,10508_0.jpg
193,2011-08-05,2011,32,1,0.618,Canon IXUS 105,01_Personal,旅行,E:\待整理照片\我的图片\相册\2011.08\华东5市照片 514.jpg,10511_1.jpg
194,2011-08-05,2011,35,1,0.902,Canon DIGITAL IXUS 120 IS,01_Personal,旅行,E:\待整理照片\我的图片\相册\2011.08\照片 392.jpg,10569_0.jpg
195,2011-10-03,2011,21,1,0.856,KODAK Z7590 ZOOM DIGITAL CAMERA,01_Personal,旅行,E:\待整理照片\我的图片\相册\2011.10.1\100_3034.JPG,10578_2.jpg
196,2011-10-03,2011,23,0,0.903,KODAK Z7590 ZOOM DIGITAL CAMERA,01_Personal,旅行,E:\待整理照片\我的图片\相册\2011.10.1\100_3040.JPG,10584_0.jpg
197,2011-10-03,2011,32,0,0.603,KODAK Z7590 ZOOM DIGITAL CAMERA,01_Personal,旅行,E:\待整理照片\我的图片\相册\2011.10.1\100_3044.JPG,10588_2.jpg
198,2011-10-03,2011,28,1,0.849,KODAK Z7590 ZOOM DIGITAL CAMERA,01_Personal,旅行,E:\待整理照片\我的图片\相册\2011.10.1\100_3052.JPG,10595_0.jpg
199,2012-03-16,2012,39,1,0.773,iPhone 4S,01_Personal,人物,E:\待整理照片\我的图片\相册\照片\IMG_0013.JPG,14127_1.jpg
200,2012-06-26,2012,27,0,0.722,C8650/C8650+,01_Personal,人物,E:\待整理照片\我的图片\相册\照片\IMG_20120626_191239.jpg,14181_0.jpg
201,2012-07-01,2012,37,1,0.781,NIKON D50,01_Personal,人物,E:\待整理照片\我的图片\相册\2012\一中留影 2012.7\DSC_0342.JPG,14869_1.jpg
202,2012-07-01,2012,55,1,0.794,NIKON D50,01_Personal,人物,E:\待整理照片\我的图片\相册\2012\一中留影 2012.7\DSC_0343.JPG,14870_1.jpg
203,2012-07-01,2012,23,1,0.895,NIKON D50,01_Personal,人物,E:\待整理照片\我的图片\相册\2012\一中留影 2012.7\DSC_0346.JPG,14871_1.jpg
204,2012-07-01,2012,41,1,0.852,NIKON D50,01_Personal,旅行,E:\待整理照片\我的图片\相册\2012\一中留影 2012.7\DSC_0355.JPG,14873_0.jpg
205,2012-07-01,2012,37,0,0.757,NIKON D50,01_Personal,旅行,E:\待整理照片\我的图片\相册\2012\一中留影 2012.7\DSC_0356.JPG,14874_0.jpg
206,2012-07-01,2012,36,1,0.833,NIKON D50,01_Personal,旅行,E:\待整理照片\我的图片\相册\2012\一中留影 2012.7\DSC_0357.JPG,14875_0.jpg
207,2012-07-01,2012,40,0,0.893,NIKON D50,01_Personal,旅行,E:\待整理照片\我的图片\相册\2012\一中留影 2012.7\DSC_0359.JPG,14877_0.jpg
208,2012-07-01,2012,74,1,0.776,NIKON D50,01_Personal,旅行,E:\待整理照片\我的图片\相册\2012\一中留影 2012.7\DSC_0360.JPG,14878_1.jpg
209,2012-07-01,2012,33,1,0.867,NIKON D50,01_Personal,人物,E:\待整理照片\我的图片\相册\2012\一中留影 2012.7\DSC_0361.JPG,14879_0.jpg
210,2012-07-01,2012,36,1,0.884,NIKON D50,01_Personal,人物,E:\待整理照片\我的图片\相册\2012\一中留影 2012.7\DSC_0362.JPG,14880_0.jpg
211,2012-07-01,2012,28,1,0.873,NIKON D50,02_Work,人物,E:\待整理照片\我的图片\相册\2012\一中留影 2012.7\DSC_0374.JPG,14886_0.jpg
212,2012-07-01,2012,31,1,0.739,NIKON D50,02_Work,人物,E:\待整理照片\我的图片\相册\2012\一中留影 2012.7\DSC_0378.JPG,14889_0.jpg
213,2012-07-01,2012,33,0,0.671,NIKON D50,02_Work,人物,E:\待整理照片\我的图片\相册\2012\一中留影 2012.7\DSC_0393.JPG,14896_0.jpg
214,2012-07-01,2012,41,1,0.759,Canon PowerShot A640,01_Personal,旅行,E:\待整理照片\我的图片\相册\2012\运丰专辑\IMG_7591.jpg,14903_2.jpg
215,2012-07-01,2012,46,1,0.914,Canon PowerShot A640,01_Personal,人物,E:\待整理照片\我的图片\相册\2012\运丰专辑\IMG_7606.jpg,14912_0.jpg
216,2012-07-01,2012,74,1,0.738,Canon PowerShot A640,01_Personal,旅行,E:\待整理照片\我的图片\相册\2012\运丰专辑\IMG_7620.jpg,14914_2.jpg
217,2012-07-01,2012,41,1,0.825,Canon PowerShot A640,01_Personal,旅行,E:\待整理照片\我的图片\相册\2012\运丰专辑\IMG_7650.jpg,14922_0.jpg
218,2012-07-01,2012,46,1,0.871,Canon PowerShot A640,01_Personal,人物,E:\待整理照片\我的图片\相册\2012\运丰专辑\IMG_7677.jpg,14927_0.jpg
219,2012-07-16,2012,36,0,0.864,LT18i,01_Personal,人物,E:\待整理照片\我的图片\相册\照片\DSC_0030_副本.jpg,14097_1.jpg
220,2012-07-16,2012,40,1,0.813,LT18i,01_Personal,人物,E:\待整理照片\我的图片\相册\2012\DCIM\100ANDRO\DSC_0028.jpg,14954_3.jpg
221,2012-07-16,2012,42,0,0.869,LT18i,01_Personal,人物,E:\待整理照片\我的图片\相册\2012\DCIM\100ANDRO\DSC_0030.jpg,14956_2.jpg
222,2012-07-16,2012,50,1,0.601,LT18i,01_Personal,人物,E:\待整理照片\我的图片\相册\2012\DCIM\100ANDRO\DSC_0032.jpg,14958_3.jpg
223,2012-07-16,2012,34,1,0.526,LT18i,01_Personal,人物,E:\待整理照片\我的图片\相册\2012\DCIM\100ANDRO\DSC_0033.jpg,14959_5.jpg
224,2012-07-16,2012,37,0,0.853,LT18i,01_Personal,旅行,E:\待整理照片\我的图片\相册\2012\DCIM\100ANDRO\DSC_0051.jpg,14977_0.jpg
225,2012-07-17,2012,30,1,0.825,KODAK Z7590 ZOOM DIGITAL CAMERA,01_Personal,人物,E:\待整理照片\我的图片\相册\照片\100_3328_副本.jpg,13800_0.jpg
226,2012-07-17,2012,61,1,0.881,DSC-TX55,07_ToReview,其他,E:\待整理照片\我的图片\相册\照片\DSC00078.JPG,14009_0.jpg
227,2012-07-17,2012,25,1,0.872,DSC-TX55,07_ToReview,其他,E:\待整理照片\我的图片\相册\照片\DSC00078_副本.jpg,14010_1.jpg
228,2012-07-17,2012,31,1,0.602,DSC-TX55,01_Personal,人物,E:\待整理照片\我的图片\相册\照片\DSC00085.JPG,14011_5.jpg
229,2012-07-17,2012,69,0,0.523,DSC-TX55,01_Personal,人物,E:\待整理照片\我的图片\相册\照片\DSC00088.JPG,14013_13.jpg
230,2012-07-17,2012,53,0,0.543,DSC-TX55,01_Personal,人物,E:\待整理照片\我的图片\相册\照片\DSC00089.JPG,14014_8.jpg
231,2012-07-17,2012,33,1,0.615,LT18i,01_Personal,人物,E:\待整理照片\我的图片\相册\照片\DSC_0098_副本.jpg,14104_3.jpg
232,2012-07-17,2012,42,0,0.904,LT18i,01_Personal,人物,E:\待整理照片\我的图片\相册\2012\DCIM\100ANDRO\DSC_0107.jpg,15030_0.jpg
233,2012-07-18,2012,36,1,0.883,DSC-TX55,01_Personal,旅行,E:\待整理照片\我的图片\相册\照片\DSC00130.JPG,14015_1.jpg
234,2012-07-18,2012,42,1,0.762,DSC-TX55,01_Personal,旅行,E:\待整理照片\我的图片\相册\照片\DSC00131.JPG,14016_2.jpg
235,2012-07-18,2012,31,1,0.908,DSC-TX55,01_Personal,旅行,E:\待整理照片\我的图片\相册\照片\DSC00133.JPG,14017_0.jpg
236,2012-07-18,2012,38,1,0.864,DSC-TX55,01_Personal,人物,E:\待整理照片\我的图片\相册\照片\DSC00165.JPG,14020_0.jpg
237,2012-07-18,2012,27,1,0.892,DSC-TX55,01_Personal,人物,E:\待整理照片\我的图片\相册\照片\DSC00165_副本.jpg,14021_0.jpg
238,2012-07-18,2012,28,1,0.914,DSC-TX55,01_Personal,人物,E:\待整理照片\我的图片\相册\照片\DSC00167.JPG,14022_0.jpg
239,2012-07-18,2012,28,1,0.909,LT18i,01_Personal,旅行,E:\待整理照片\我的图片\相册\照片\DSC_0131_副本.jpg,14105_0.jpg
240,2012-07-18,2012,63,1,0.718,LT18i,01_Personal,旅行,E:\待整理照片\我的图片\相册\照片\DSC_0135_副本.jpg,14106_1.jpg
241,2012-07-18,2012,33,1,0.924,LT18i,01_Personal,旅行,E:\待整理照片\我的图片\相册\照片\DSC_0140_副本.jpg,14107_0.jpg
242,2012-07-18,2012,45,0,0.754,LT18i,01_Personal,旅行,E:\待整理照片\我的图片\相册\照片\DSC_0154_副本.jpg,14109_0.jpg
243,2012-07-18,2012,51,1,0.915,LT18i,01_Personal,旅行,E:\待整理照片\我的图片\相册\照片\DSC_0182_副本.jpg,14111_0.jpg
244,2012-07-18,2012,41,1,0.518,Canon IXUS 105,01_Personal,旅行,E:\待整理照片\我的图片\相册\照片\照片 326_副本.jpg,14256_1.jpg
245,2012-07-18,2012,27,1,0.921,LT18i,01_Personal,旅行,E:\待整理照片\我的图片\相册\2012\DCIM\100ANDRO\DSC_0130.jpg,15053_0.jpg
246,2012-07-18,2012,78,1,0.763,LT18i,01_Personal,旅行,E:\待整理照片\我的图片\相册\2012\DCIM\100ANDRO\DSC_0135.jpg,15058_1.jpg
247,2012-07-18,2012,31,1,0.912,LT18i,01_Personal,旅行,E:\待整理照片\我的图片\相册\2012\DCIM\100ANDRO\DSC_0140.jpg,15062_0.jpg
248,2012-07-18,2012,46,1,0.639,LT18i,01_Personal,旅行,E:\待整理照片\我的图片\相册\2012\DCIM\100ANDRO\DSC_0143.jpg,15065_3.jpg
249,2012-07-18,2012,71,0,0.527,LT18i,01_Personal,旅行,E:\待整理照片\我的图片\相册\2012\DCIM\100ANDRO\DSC_0144.jpg,15066_2.jpg
250,2012-07-18,2012,74,0,0.617,LT18i,01_Personal,旅行,E:\待整理照片\我的图片\相册\2012\DCIM\100ANDRO\DSC_0145.jpg,15067_2.jpg
251,2012-07-18,2012,44,1,0.533,LT18i,01_Personal,旅行,E:\待整理照片\我的图片\相册\2012\DCIM\100ANDRO\DSC_0146.jpg,15068_4.jpg
252,2012-07-18,2012,47,1,0.697,LT18i,01_Personal,旅行,E:\待整理照片\我的图片\相册\2012\DCIM\100ANDRO\DSC_0147.jpg,15069_4.jpg
253,2012-07-18,2012,29,1,0.806,LT18i,01_Personal,旅行,E:\待整理照片\我的图片\相册\2012\DCIM\100ANDRO\DSC_0157.jpg,15077_0.jpg
254,2012-07-18,2012,32,1,0.843,LT18i,01_Personal,旅行,E:\待整理照片\我的图片\相册\2012\DCIM\100ANDRO\DSC_0159.jpg,15079_0.jpg
255,2012-07-18,2012,56,1,0.735,LT18i,01_Personal,人物,E:\待整理照片\我的图片\相册\2012\DCIM\100ANDRO\DSC_0175.jpg,15095_0.jpg
256,2012-07-18,2012,48,1,0.907,LT18i,01_Personal,人物,E:\待整理照片\我的图片\相册\2012\DCIM\100ANDRO\DSC_0182.jpg,15103_0.jpg
257,2012-07-20,2012,28,1,0.912,DSC-TX55,01_Personal,旅行,E:\待整理照片\我的图片\相册\照片\DSC00209_副本.jpg,14025_0.jpg
258,2012-07-20,2012,33,1,0.905,DSC-TX55,01_Personal,人物,E:\待整理照片\我的图片\相册\照片\DSC00225 (2).JPG,14030_0.jpg
259,2012-07-20,2012,57,0,0.804,LT18i,01_Personal,旅行,E:\待整理照片\我的图片\相册\照片\DSC_0206_副本.jpg,14113_0.jpg
260,2012-07-20,2012,34,0,0.763,LT18i,01_Personal,人物,E:\待整理照片\我的图片\相册\照片\DSC_0217_副本.jpg,14114_2.jpg
261,2012-07-20,2012,32,0,0.822,Canon IXUS 105,01_Personal,旅行,E:\待整理照片\我的图片\相册\照片\照片 395_副本.jpg,14257_1.jpg
262,2012-07-20,2012,51,1,0.883,Canon IXUS 105,01_Personal,旅行,E:\待整理照片\我的图片\相册\照片\照片 422_副本.jpg,14258_1.jpg
263,2012-07-20,2012,47,0,0.884,Canon IXUS 105,01_Personal,旅行,E:\待整理照片\我的图片\相册\照片\照片 599_副本.jpg,14262_0.jpg
264,2012-07-20,2012,67,0,0.776,LT18i,01_Personal,人物,E:\待整理照片\我的图片\相册\2012\DCIM\100ANDRO\DSC_0213.jpg,15132_1.jpg
265,2012-07-20,2012,73,0,0.856,LT18i,01_Personal,人物,E:\待整理照片\我的图片\相册\2012\DCIM\100ANDRO\DSC_0214.jpg,15133_1.jpg
266,2012-07-20,2012,72,0,0.836,LT18i,01_Personal,人物,E:\待整理照片\我的图片\相册\2012\DCIM\100ANDRO\DSC_0215.jpg,15134_1.jpg
267,2012-07-20,2012,40,0,0.754,LT18i,01_Personal,人物,E:\待整理照片\我的图片\相册\2012\DCIM\100ANDRO\DSC_0216.jpg,15135_2.jpg
268,2012-07-20,2012,39,1,0.884,LT18i,01_Personal,人物,E:\待整理照片\我的图片\相册\2012\DCIM\100ANDRO\DSC_0218.jpg,15137_0.jpg
269,2012-07-20,2012,23,1,0.890,LT18i,01_Personal,旅行,E:\待整理照片\我的图片\相册\2012\DCIM\100ANDRO\DSC_0222.jpg,15141_0.jpg
270,2012-07-20,2012,53,0,0.846,LT18i,01_Personal,旅行,E:\待整理照片\我的图片\相册\2012\DCIM\100ANDRO\DSC_0241.jpg,15160_0.jpg
271,2012-07-20,2012,31,0,0.723,LT18i,01_Personal,旅行,E:\待整理照片\我的图片\相册\2012\DCIM\100ANDRO\DSC_0242.jpg,15161_1.jpg
272,2012-07-20,2012,28,1,0.900,LT18i,01_Personal,人物,E:\待整理照片\我的图片\相册\2012\DCIM\100ANDRO\DSC_0273.jpg,15186_0.jpg
273,2012-07-20,2012,26,1,0.889,LT18i,01_Personal,人物,E:\待整理照片\我的图片\相册\2012\DCIM\100ANDRO\DSC_0275.jpg,15187_0.jpg
274,2012-07-20,2012,49,0,0.898,LT18i,01_Personal,旅行,E:\待整理照片\我的图片\相册\2012\DCIM\100ANDRO\DSC_0277.jpg,15189_0.jpg
275,2012-07-22,2012,27,0,0.870,Canon IXUS 105,01_Personal,美食,E:\待整理照片\我的图片\相册\照片\照片 721_副本.jpg,14263_3.jpg
276,2012-08-16,2012,34,1,0.688,KODAK Z7590 ZOOM DIGITAL CAMERA,01_Personal,人物,E:\待整理照片\我的图片\相册\2012\12.08.16\100_3652.JPG,14606_0.jpg
277,2012-08-16,2012,28,0,0.537,KODAK Z7590 ZOOM DIGITAL CAMERA,01_Personal,旅行,E:\待整理照片\我的图片\相册\2012\12.08.16\100_3656.JPG,14607_2.jpg
278,2012-08-16,2012,31,1,0.877,KODAK Z7590 ZOOM DIGITAL CAMERA,01_Personal,人物,E:\待整理照片\我的图片\相册\2012\12.08.16\100_3657.JPG,14608_0.jpg
279,2012-08-28,2012,44,1,0.577,KODAK Z7590 ZOOM DIGITAL CAMERA,01_Personal,旅行,E:\待整理照片\我的图片\相册\2012\2012-08-28\100_3855.JPG,14711_1.jpg
280,2012-08-28,2012,30,1,0.914,KODAK Z7590 ZOOM DIGITAL CAMERA,01_Personal,旅行,E:\待整理照片\我的图片\相册\2012\2012-08-28\100_3856.JPG,14712_0.jpg
281,2012-08-28,2012,30,0,0.539,KODAK Z7590 ZOOM DIGITAL CAMERA,01_Personal,旅行,E:\待整理照片\我的图片\相册\2012\2012-08-28\100_3857.JPG,14713_6.jpg
282,2012-08-28,2012,34,1,0.520,KODAK Z7590 ZOOM DIGITAL CAMERA,01_Personal,人物,E:\待整理照片\我的图片\相册\2012\2012-08-28\100_3858.JPG,14714_5.jpg
283,2012-08-28,2012,34,1,0.544,KODAK Z7590 ZOOM DIGITAL CAMERA,01_Personal,旅行,E:\待整理照片\我的图片\相册\2012\2012-08-28\100_3859.JPG,14715_4.jpg
284,2012-08-28,2012,49,0,0.795,KODAK Z7590 ZOOM DIGITAL CAMERA,01_Personal,旅行,E:\待整理照片\我的图片\相册\2012\2012-08-28\100_3861.JPG,14717_1.jpg
285,2012-09-16,2012,25,1,0.910,HUAWEI C8812,01_Personal,人物,E:\待整理照片\我的图片\相册\照片\IMG_20120916_155551.jpg,14188_0.jpg
286,2012-09-22,2012,10,1,0.501,Canon PowerShot G12,01_Personal,旅行,E:\待整理照片\我的图片\相册\2012\2012.923\IMG_0021.JPG,14794_0.jpg
287,2012-09-23,2012,35,1,0.852,Canon EOS 60D,01_Personal,人物,E:\待整理照片\我的图片\相册\照片\IMG_3105.JPG,14198_2.jpg
288,2012-09-23,2012,26,1,0.875,Canon EOS 60D,01_Personal,美食,E:\待整理照片\我的图片\相册\照片\IMG_3122.JPG,14199_0.jpg
289,2012-09-23,2012,52,1,0.519,Canon PowerShot G12,01_Personal,美食,E:\待整理照片\我的图片\相册\2012\2012.923\IMG_0128.JPG,14863_5.jpg
290,2012-10-07,2012,31,1,0.800,Canon EOS 60D,01_Personal,人物,E:\待整理照片\我的图片\相册\照片\IMG_3894.JPG,14205_0.jpg
291,2013-02-10,2013,53,1,0.876,MiOne,01_Personal,旅行,E:\待整理照片\我的图片\相册\我的图片\IMG_20130210_104220.jpg,11319_0.jpg
292,2013-02-10,2013,40,0,0.591,MiOne,01_Personal,人物,E:\待整理照片\我的图片\相册\我的图片\IMG_20130210_112621.jpg,11345_1.jpg
293,2013-02-18,2013,28,1,0.839,HUAWEI C8825D,01_Personal,旅行,E:\待整理照片\我的图片\相册\我的图片\IMG_20130218_152329.jpg,11365_0.jpg
294,2013-03-02,2013,26,1,0.853,HUAWEI C8825D,01_Personal,旅行,E:\待整理照片\我的图片\相册\我的图片\IMG_20130302_122925.jpg,11447_1.jpg
295,2013-03-10,2013,44,1,0.607,HUAWEI C8825D,01_Personal,旅行,E:\待整理照片\我的图片\相册\我的图片\C360_2013-03-10-10-52-03-408.jpg,11188_4.jpg
296,2013-03-10,2013,42,1,0.810,HUAWEI C8825D,01_Personal,人物,E:\待整理照片\我的图片\相册\我的图片\C360_2013-03-10-11-08-08-684.jpg,11189_0.jpg
297,2013-04-05,2013,39,0,0.773,HUAWEI C8825D,01_Personal,工作,E:\待整理照片\我的图片\相册\2013\IMG_20130405_140141.jpg,10687_0.jpg
298,2013-06-26,2013,28,1,0.861,Canon EOS 7D,04_Downloads,网络素材,E:\待整理照片\我的图片\相册\2013\QQ上传\IMG_7162.jpg,14432_0.jpg
299,2013-06-26,2013,32,1,0.849,Canon EOS 7D,01_Personal,人物,E:\待整理照片\我的图片\相册\2013\QQ上传\IMG_7176.jpg,14434_0.jpg
300,2013-06-26,2013,25,1,0.881,Canon EOS 7D,01_Personal,人物,E:\待整理照片\我的图片\相册\2013\QQ上传\IMG_7293.jpg,14435_0.jpg
301,2013-06-26,2013,25,1,0.890,Canon EOS 7D,01_Personal,人物,E:\待整理照片\我的图片\相册\2013\QQ上传\IMG_7309.jpg,14437_0.jpg
302,2013-06-26,2013,25,1,0.802,Canon EOS 7D,01_Personal,人物,E:\待整理照片\我的图片\相册\2013\QQ上传\IMG_7458.jpg,14439_0.jpg
303,2013-06-26,2013,27,1,0.824,Canon EOS 7D,01_Personal,人物,E:\待整理照片\我的图片\相册\2013\QQ上传\IMG_7630.jpg,14442_0.jpg
304,2013-06-26,2013,25,1,0.874,Canon EOS 7D,01_Personal,人物,E:\待整理照片\我的图片\相册\2013\QQ上传\IMG_7677.jpg,14443_0.jpg
305,2013-06-26,2013,27,1,0.887,Canon EOS 7D,01_Personal,人物,E:\待整理照片\我的图片\相册\2013\QQ上传\IMG_7724.jpg,14445_0.jpg
306,2013-06-26,2013,31,1,0.900,Canon EOS 7D,01_Personal,人物,E:\待整理照片\我的图片\相册\2013\QQ上传\IMG_7760.jpg,14446_0.jpg
307,2013-12-28,2013,34,1,0.650,HUAWEI C8825D,01_Personal,美食,E:\待整理照片\我的图片\IMG_20131228_094244.jpg,334_1.jpg
308,2014-01-01,2014,37,1,0.879,HUAWEI C8825D,01_Personal,人物,E:\待整理照片\我的图片\IMG_20140101_144930_副本.jpg,339_0.jpg
309,2014-07-24,2014,79,1,0.713,HM1S,01_Personal,人物,E:\待整理照片\我的图片\IMG_20140724_190731.jpg,361_1.jpg
310,2014-08-19,2014,47,1,0.875,HM1S,01_Personal,旅行,E:\待整理照片\我的图片\IMG_20140819_082211.jpg,377_0.jpg
311,2014-11-17,2014,27,1,0.890,HM1S,01_Personal,人物,E:\待整理照片\我的图片\PIC_20141117_133934_E16.jpg,817_0.jpg
312,2014-11-17,2014,25,1,0.880,HM1S,01_Personal,人物,E:\待整理照片\我的图片\PIC_20141117_133952_057.jpg,818_0.jpg
313,2015-01-14,2015,27,0,0.882,iPhone 5s,01_Personal,人物,E:\待整理照片\我的图片\相册\新建文件夹\IMG_0024(6).jpg,11658_0.jpg
314,2015-02-25,2015,48,1,0.876,iPhone 5s,01_Personal,人物,E:\待整理照片\我的图片\相册\新建文件夹\IMG_0318.jpg,12246_1.jpg
315,2015-02-25,2015,62,1,0.882,iPhone 5s,01_Personal,人物,E:\待整理照片\我的图片\相册\新建文件夹\IMG_0319.jpg,12247_1.jpg
316,2015-02-26,2015,33,1,0.664,iPhone 5s,01_Personal,人物,E:\待整理照片\我的图片\相册\新建文件夹\IMG_0321.jpg,12249_2.jpg
317,2015-03-15,2015,28,0,0.751,iPhone 5s,01_Personal,人物,E:\待整理照片\我的图片\相册\新建文件夹\IMG_0552.jpg,12418_1.jpg
318,2015-03-15,2015,29,0,0.823,iPhone 5s,02_Work,工作,E:\待整理照片\我的图片\相册\新建文件夹\IMG_0553.jpg,12419_1.jpg
319,2015-03-15,2015,29,0,0.782,iPhone 5s,01_Personal,人物,E:\待整理照片\我的图片\相册\新建文件夹\IMG_0554.jpg,12420_2.jpg
320,2015-03-15,2015,29,0,0.733,iPhone 5s,01_Personal,人物,E:\待整理照片\我的图片\相册\新建文件夹\IMG_0555.jpg,12421_2.jpg
321,2015-03-15,2015,31,1,0.740,iPhone 5s,01_Personal,人物,E:\待整理照片\我的图片\相册\新建文件夹\IMG_0556.jpg,12422_2.jpg
322,2015-03-15,2015,45,1,0.905,iPhone 5s,02_Work,工作,E:\待整理照片\我的图片\相册\新建文件夹\IMG_0564.jpg,12428_0.jpg
323,2015-03-15,2015,27,1,0.810,iPhone 5s,01_Personal,人物,E:\待整理照片\我的图片\相册\新建文件夹\IMG_0568.jpg,12433_1.jpg
324,2015-03-16,2015,24,0,0.883,iPhone 5s,02_Work,工作,E:\待整理照片\我的图片\相册\新建文件夹\IMG_0666.jpg,12614_1.jpg
325,2015-03-16,2015,31,1,0.796,iPhone 5s,02_Work,工作,E:\待整理照片\我的图片\相册\新建文件夹\IMG_0678.jpg,12638_3.jpg
326,2015-03-17,2015,42,1,0.811,iPhone 5s,01_Personal,人物,E:\待整理照片\我的图片\相册\新建文件夹\IMG_0694.jpg,12668_0.jpg
327,2015-03-17,2015,43,1,0.727,iPhone 5s,01_Personal,人物,E:\待整理照片\我的图片\相册\新建文件夹\IMG_0698.jpg,12676_0.jpg
328,2015-03-17,2015,37,1,0.875,iPhone 5s,01_Personal,人物,E:\待整理照片\我的图片\相册\新建文件夹\IMG_0699.jpg,12678_0.jpg
329,2015-03-21,2015,32,1,0.906,iPhone 5s,01_Personal,人物,E:\待整理照片\我的图片\相册\新建文件夹\IMG_0739.jpg,12732_2.jpg
330,2015-03-29,2015,42,1,0.899,iPhone 5s,01_Personal,人物,E:\待整理照片\我的图片\相册\新建文件夹\IMG_0854.jpg,12808_0.jpg
331,2015-03-29,2015,52,1,0.896,iPhone 5s,01_Personal,人物,E:\待整理照片\我的图片\相册\新建文件夹\IMG_0855.jpg,12809_0.jpg
332,2015-03-29,2015,43,1,0.897,iPhone 5s,01_Personal,人物,E:\待整理照片\我的图片\相册\新建文件夹\IMG_0856.jpg,12810_0.jpg
333,2015-03-29,2015,56,1,0.890,iPhone 5s,01_Personal,人物,E:\待整理照片\我的图片\相册\新建文件夹\IMG_0858.jpg,12811_0.jpg
334,2015-03-29,2015,43,1,0.906,iPhone 5s,01_Personal,人物,E:\待整理照片\我的图片\相册\新建文件夹\IMG_0859.jpg,12812_0.jpg
335,2015-03-29,2015,53,1,0.844,iPhone 5s,03_Screenshots,人物,E:\待整理照片\我的图片\相册\新建文件夹\IMG_0866.jpg,12817_0.jpg
336,2015-03-29,2015,59,1,0.844,iPhone 5s,03_Screenshots,人物,E:\待整理照片\我的图片\相册\新建文件夹\IMG_0867.jpg,12818_0.jpg
337,2015-03-29,2015,49,1,0.783,iPhone 5s,01_Personal,人物,E:\待整理照片\我的图片\相册\新建文件夹\IMG_0874.jpg,12820_0.jpg
338,2015-03-29,2015,44,1,0.828,iPhone 5s,01_Personal,人物,E:\待整理照片\我的图片\相册\新建文件夹\IMG_0882.jpg,12827_0.jpg
339,2015-03-30,2015,30,1,0.872,iPhone 5s,02_Work,人物,E:\待整理照片\我的图片\相册\新建文件夹\IMG_1110.jpg,12864_0.jpg
340,2015-04-01,2015,55,1,0.916,iPhone 5s,01_Personal,人物,E:\待整理照片\我的图片\相册\新建文件夹\IMG_1171.jpg,12896_0.jpg
341,2015-04-01,2015,40,0,0.892,iPhone 5s,01_Personal,人物,E:\待整理照片\我的图片\相册\新建文件夹\IMG_1172.jpg,12897_2.jpg
342,2015-04-07,2015,27,0,0.791,iPhone 5s,01_Personal,人物,E:\待整理照片\我的图片\相册\新建文件夹\IMG_1247.jpg,12952_1.jpg
343,2015-04-07,2015,26,0,0.772,iPhone 5s,01_Personal,人物,E:\待整理照片\我的图片\相册\新建文件夹\IMG_1248.jpg,12953_1.jpg
344,2015-04-19,2015,35,0,0.596,iPhone 5s,02_Work,工作,E:\待整理照片\我的图片\相册\新建文件夹\IMG_1420.jpg,13065_3.jpg
345,2015-04-19,2015,33,0,0.643,iPhone 5s,02_Work,工作,E:\待整理照片\我的图片\相册\新建文件夹\IMG_1433.jpg,13077_1.jpg
346,2015-04-19,2015,26,1,0.900,iPhone 5s,02_Work,工作,E:\待整理照片\我的图片\相册\新建文件夹\IMG_1434.jpg,13078_0.jpg
347,2015-04-19,2015,34,0,0.544,iPhone 5s,02_Work,工作,E:\待整理照片\我的图片\相册\新建文件夹\IMG_1436.jpg,13079_1.jpg
348,2015-04-19,2015,34,1,0.549,iPhone 5s,02_Work,工作,E:\待整理照片\我的图片\相册\新建文件夹\IMG_1439.jpg,13082_3.jpg
349,2015-04-19,2015,31,0,0.553,iPhone 5s,02_Work,工作,E:\待整理照片\我的图片\相册\新建文件夹\IMG_1453.jpg,13095_1.jpg
350,2015-04-19,2015,28,1,0.521,iPhone 5s,02_Work,工作,E:\待整理照片\我的图片\相册\新建文件夹\IMG_1456.jpg,13098_4.jpg
351,2015-04-19,2015,27,0,0.823,iPhone 5s,02_Work,工作,E:\待整理照片\我的图片\相册\新建文件夹\IMG_1463.jpg,13104_1.jpg
352,2015-04-19,2015,33,1,0.851,iPhone 5s,02_Work,工作,E:\待整理照片\我的图片\相册\新建文件夹\IMG_1467.jpg,13108_1.jpg
353,2015-04-19,2015,52,0,0.883,iPhone 5s,02_Work,工作,E:\待整理照片\我的图片\相册\新建文件夹\IMG_1516.jpg,13154_0.jpg
354,2015-04-19,2015,76,1,0.786,iPhone 5s,02_Work,工作,E:\待整理照片\我的图片\相册\新建文件夹\IMG_1518.jpg,13156_3.jpg
355,2015-04-19,2015,31,1,0.794,iPhone 5s,02_Work,工作,E:\待整理照片\我的图片\相册\新建文件夹\IMG_1525.jpg,13163_1.jpg
356,2015-04-19,2015,36,0,0.697,iPhone 5s,02_Work,工作,E:\待整理照片\我的图片\相册\新建文件夹\IMG_1554.jpg,13192_5.jpg
357,2015-04-26,2015,28,0,0.813,iPhone 5s,01_Personal,人物,E:\待整理照片\我的图片\相册\新建文件夹\IMG_1790.jpg,13368_2.jpg
358,2015-04-26,2015,40,0,0.758,iPhone 5s,01_Personal,人物,E:\待整理照片\我的图片\相册\新建文件夹\IMG_1791.jpg,13369_2.jpg
359,2015-04-26,2015,52,1,0.882,iPhone 5s,01_Personal,人物,E:\待整理照片\我的图片\相册\新建文件夹\IMG_1792.jpg,13370_2.jpg
360,2015-04-26,2015,24,0,0.851,iPhone 5s,01_Personal,人物,E:\待整理照片\我的图片\相册\新建文件夹\IMG_1809.jpg,13373_3.jpg
361,2015-04-26,2015,40,0,0.871,iPhone 5s,01_Personal,人物,E:\待整理照片\我的图片\相册\新建文件夹\IMG_1810.jpg,13374_0.jpg
362,2015-04-26,2015,24,1,0.823,iPhone 5s,01_Personal,人物,E:\待整理照片\我的图片\相册\新建文件夹\IMG_1811.jpg,13375_5.jpg
363,2015-06-09,2015,36,1,0.739,iPhone 5s,01_Personal,人物,E:\待整理照片\我的图片\相册\新建文件夹\IMG_0015(5).jpg,11610_0.jpg
364,2015-06-11,2015,75,0,0.802,iPhone 5s,01_Personal,人物,E:\待整理照片\我的图片\相册\新建文件夹\IMG_0100.jpg,11904_0.jpg
365,2015-06-11,2015,83,0,0.858,iPhone 5s,01_Personal,人物,E:\待整理照片\我的图片\相册\新建文件夹\IMG_0102.jpg,11908_1.jpg
366,2015-06-11,2015,80,0,0.848,iPhone 5s,01_Personal,人物,E:\待整理照片\我的图片\相册\新建文件夹\IMG_0103.jpg,11911_1.jpg
367,2015-06-20,2015,31,1,0.827,iPhone 5s,01_Personal,人物,E:\待整理照片\我的图片\相册\新建文件夹\IMG_0215.jpg,12116_0.jpg
368,2015-06-23,2015,29,1,0.906,iPhone 5s,02_Work,工作,E:\待整理照片\我的图片\相册\新建文件夹\IMG_0282.jpg,12202_0.jpg
369,2015-06-23,2015,34,1,0.896,iPhone 5s,02_Work,工作,E:\待整理照片\我的图片\相册\新建文件夹\IMG_0283.jpg,12204_1.jpg
370,2015-07-08,2015,21,1,0.870,iPhone 5s,05_Documents,文档,E:\待整理照片\我的图片\证件头像\IMG_0025_副本.jpg,9053_0.jpg
371,2015-07-08,2015,37,1,0.893,iPhone 5s,01_Personal,人物,E:\待整理照片\我的图片\证件头像\IMG_0026.JPG,9054_0.jpg
372,2015-07-16,2015,31,1,0.872,iPhone 5s,02_Work,工作,E:\待整理照片\我的图片\相册\新建文件夹\IMG_0027.jpg,11673_0.jpg
373,2016-03-26,2016,34,0,0.909,Canon EOS 600D,01_Personal,人物,E:\待整理照片\我的图片\相册\100CANON\IMG_1650.JPG,9407_0.jpg
374,2016-03-26,2016,22,0,0.881,Canon EOS 600D,01_Personal,人物,E:\待整理照片\我的图片\相册\100CANON\IMG_1651.JPG,9408_1.jpg
375,2016-03-26,2016,34,0,0.868,Canon EOS 600D,01_Personal,人物,E:\待整理照片\我的图片\相册\100CANON\IMG_1652.JPG,9409_1.jpg
376,2016-03-26,2016,30,0,0.579,Canon EOS 600D,01_Personal,人物,E:\待整理照片\我的图片\相册\100CANON\IMG_1654.JPG,9411_5.jpg
377,2016-07-02,2016,47,1,0.894,iPhone 6,01_Personal,旅行,E:\待整理照片\我的图片\手机相册\IMG_0006(1).jpg,8811_2.jpg
378,2016-07-02,2016,42,0,0.762,iPhone 6,01_Personal,旅行,E:\待整理照片\我的图片\手机相册\IMG_0011.jpg,8820_1.jpg
379,2016-07-02,2016,25,1,0.870,iPhone 6,01_Personal,旅行,E:\待整理照片\我的图片\手机相册\IMG_0012.jpg,8821_0.jpg
380,2016-07-02,2016,38,0,0.840,iPhone 6,01_Personal,人物,E:\待整理照片\我的图片\手机相册\IMG_0015.jpg,8824_1.jpg
381,2016-07-02,2016,29,1,0.896,iPhone 6,01_Personal,旅行,E:\待整理照片\我的图片\手机相册\IMG_0051.jpg,8869_0.jpg
382,2016-07-02,2016,26,0,0.896,iPhone 6,01_Personal,旅行,E:\待整理照片\我的图片\手机相册\IMG_0052.jpg,8871_0.jpg
383,2016-07-02,2016,22,1,0.889,iPhone 6,01_Personal,人物,E:\待整理照片\我的图片\手机相册\IMG_0094.jpg,8929_0.jpg
384,2016-07-02,2016,26,0,0.877,iPhone 6,01_Personal,人物,E:\待整理照片\我的图片\手机相册\IMG_0096.jpg,8931_1.jpg
385,2016-07-02,2016,29,0,0.916,iPhone 6,01_Personal,人物,E:\待整理照片\我的图片\手机相册\IMG_0097.jpg,8932_0.jpg
386,2016-07-02,2016,31,0,0.900,iPhone 6,01_Personal,人物,E:\待整理照片\我的图片\手机相册\IMG_0098.jpg,8933_1.jpg
387,2016-07-02,2016,56,1,0.763,iPhone 6,01_Personal,人物,E:\待整理照片\我的图片\手机相册\IMG_0111(1).jpg,8957_0.jpg
388,2016-07-02,2016,47,1,0.839,iPhone 6,01_Personal,旅行,E:\待整理照片\我的图片\手机相册\IMG_0115(1).jpg,8962_0.jpg
389,2016-07-02,2016,59,1,0.851,iPhone 6,01_Personal,人物,E:\待整理照片\我的图片\手机相册\IMG_0126.jpg,8979_2.jpg
390,2016-07-02,2016,38,0,0.873,iPhone 6,01_Personal,人物,E:\待整理照片\我的图片\手机相册\IMG_0127(2).jpg,8980_1.jpg
391,2016-07-02,2016,39,1,0.898,iPhone 6,01_Personal,人物,E:\待整理照片\我的图片\手机相册\IMG_0128.jpg,8982_0.jpg
392,2016-07-02,2016,60,1,0.906,iPhone 6,01_Personal,人物,E:\待整理照片\我的图片\手机相册\IMG_0129(1).jpg,8983_2.jpg
393,2016-07-15,2016,27,0,0.745,iPhone 6,01_Personal,人物,E:\待整理照片\我的图片\手机相册\IMG_0068.jpg,8899_2.jpg
394,2016-07-15,2016,27,0,0.907,iPhone 6,01_Personal,人物,E:\待整理照片\我的图片\手机相册\IMG_0069.jpg,8901_0.jpg
395,2017-08-02,2017,53,1,0.887,ONEPLUS A5000,01_Personal,人物,E:\待整理照片\Camera\IMG_20170802_094919_007.jpg,56_0.jpg
396,2017-08-14,2017,43,1,0.773,ONEPLUS A5000,02_Work,工作,E:\待整理照片\Camera\IMG_20170814_103142.jpg,83_1.jpg
397,2017-08-14,2017,34,1,0.736,ONEPLUS A5000,02_Work,工作,E:\待整理照片\Camera\IMG_20170814_143903.jpg,86_1.jpg
398,2017-08-14,2017,32,1,0.834,ONEPLUS A5000,02_Work,工作,E:\待整理照片\Camera\IMG_20170814_145739.jpg,90_1.jpg
399,2017-08-30,2017,29,0,0.671,ONEPLUS A5000,02_Work,工作,E:\待整理照片\Camera\IMG_20170830_100603.jpg,124_4.jpg
400,2020-06-11,2020,44,1,0.866,OPPO Reno Ace,02_Work,工作,E:\待整理照片\手机备份\手机相册\2021\camera\IMG20200611103412.jpg,7350_1.jpg
401,2020-08-12,2020,28,1,0.890,OPPO Reno Ace,01_Personal,人物,E:\待整理照片\手机备份\手机相册\2021\camera\IMG20200812094550.jpg,7449_1.jpg
402,2020-08-30,2020,69,0,0.836,OPPO Reno Ace,01_Personal,人物,E:\待整理照片\手机备份\手机相册\2021\camera\IMG20200830100935.jpg,7455_1.jpg
403,2020-09-29,2020,52,1,0.850,OPPO Reno Ace,05_Documents,文档,E:\待整理照片\手机备份\手机相册\2021\camera\IMG20200929153852.jpg,7462_0.jpg
404,2021-04-22,2021,43,1,0.915,,01_Personal,人物,E:\待整理照片\手机备份\手机相册\2021\weixin\IMG_20210422_101226.jpg,8368_0.jpg
405,2021-09-30,2021,33,1,0.774,OPPO Reno Ace,02_Work,工作,E:\待整理照片\手机备份\文件夹备份\PCLM10\DCIM\Camera\IMG20210930150736.jpg,5887_1.jpg
406,2021-10-26,2021,61,1,0.865,OPPO Reno Ace,01_Personal,人物,E:\待整理照片\手机备份\文件夹备份\PCLM10\DCIM\Camera\IMG20211026162747.jpg,5910_0.jpg
407,2021-10-26,2021,60,1,0.910,OPPO Reno Ace,01_Personal,人物,E:\待整理照片\手机备份\文件夹备份\PCLM10\DCIM\Camera\IMG20211026162803.jpg,5911_0.jpg
408,2021-11-10,2021,34,1,0.768,OPPO Reno Ace,02_Work,工作,E:\待整理照片\手机备份\文件夹备份\PCLM10\DCIM\Camera\IMG20211110100935.jpg,5971_0.jpg
409,2021-11-15,2021,39,1,0.523,OPPO Reno Ace,01_Personal,人物,E:\待整理照片\手机备份\文件夹备份\PCLM10\DCIM\Camera\IMG20211115150038.jpg,5991_1.jpg
410,2022-01-24,2022,41,1,0.810,OPPO Reno Ace,01_Personal,人物,E:\待整理照片\手机备份\文件夹备份\PCLM10\DCIM\Camera\IMG20220124141630.jpg,6106_0.jpg
411,2022-01-24,2022,44,1,0.877,OPPO Reno Ace,01_Personal,人物,E:\待整理照片\手机备份\文件夹备份\PCLM10\DCIM\Camera\IMG20220124141753.jpg,6107_0.jpg
412,2022-01-24,2022,28,1,0.851,OPPO Reno Ace,01_Personal,人物,E:\待整理照片\手机备份\文件夹备份\PCLM10\DCIM\Camera\IMG20220124141810.jpg,6110_0.jpg
413,2022-05-18,2022,53,1,0.863,OPPO Find X3,01_Personal,人物,E:\待整理照片\手机备份\文件夹备份\PCLM10\DCIM\Camera\IMG20220518091413 (1).jpg,6384_0.jpg
414,2022-05-18,2022,51,1,0.883,OPPO Find X3,01_Personal,人物,E:\待整理照片\手机备份\文件夹备份\PCLM10\DCIM\Camera\IMG20220518092555 (1).jpg,6386_0.jpg
415,2022-08-06,2022,59,1,0.812,OPPO Reno Ace,01_Personal,美食,E:\待整理照片\手机备份\文件夹备份\PCLM10\DCIM\Camera\IMG20220806085216.jpg,6475_0.jpg
416,2022-09-20,2022,32,1,0.641,OPPO Find X3,02_Work,工作,E:\待整理照片\手机备份\手机相册\PEDM00\camera\IMG20220920161022.jpg,6887_3.jpg
417,2022-12-07,2022,26,1,0.811,vivo X80 Pro,01_Personal,人物,E:\待整理照片\手机相册\V2185A\camera\IMG_20221207_172753.jpg,883_0.jpg
418,2022-12-07,2022,24,0,0.857,vivo X80 Pro,01_Personal,人物,E:\待整理照片\手机相册\V2185A\camera\IMG_20221207_173440.jpg,884_0.jpg
419,2022-12-07,2022,25,1,0.829,vivo X80 Pro,01_Personal,人物,E:\待整理照片\手机相册\V2185A\camera\IMG_20221207_173455.jpg,885_0.jpg
420,2023-01-21,2023,49,1,0.856,vivo X80 Pro,01_Personal,人物,E:\待整理照片\手机相册\V2185A\camera\IMG_20230121_161106.jpg,901_5.jpg
421,2023-01-22,2023,27,1,0.899,vivo X80 Pro,01_Personal,人物,E:\待整理照片\手机相册\V2185A\camera\IMG_20230122_111151.jpg,920_0.jpg
422,2023-01-22,2023,27,1,0.900,vivo X80 Pro,01_Personal,旅行,E:\待整理照片\手机相册\V2185A\camera\IMG_20230122_111153.jpg,921_1.jpg
423,2023-04-25,2023,48,0,0.551,,02_Work,工作,E:\待整理照片\手机相册\android\weixin\mmexport1682395295445.jpg,5607_6.jpg
424,2023-04-30,2023,48,0,0.869,vivo X80 Pro,01_Personal,旅行,E:\待整理照片\手机相册\android\camera\IMG_20230430_104228.jpg,4434_0.jpg
425,2023-06-28,2023,25,1,0.904,vivo X80 Pro,07_ToReview,其他,E:\待整理照片\手机相册\android\camera\IMG_20230628_221418.jpg,4524_1.jpg
426,2023-06-28,2023,26,1,0.897,vivo X80 Pro,07_ToReview,其他,E:\待整理照片\手机相册\android\camera\IMG_20230628_221428.jpg,4526_0.jpg
427,2024-02-24,2024,70,1,0.687,vivo X80 Pro,07_ToReview,其他,E:\待整理照片\手机相册\android\camera\IMG_20240224_183212.jpg,4818_2.jpg
428,2024-02-25,2024,46,1,0.907,vivo X80 Pro,01_Personal,旅行,E:\待整理照片\手机相册\android\camera\IMG_20240225_104748.jpg,4821_0.jpg
429,2024-02-25,2024,63,1,0.841,vivo X80 Pro,01_Personal,旅行,E:\待整理照片\手机相册\android\camera\IMG_20240225_105708.jpg,4824_0.jpg
430,2024-02-25,2024,59,1,0.828,vivo X80 Pro,01_Personal,旅行,E:\待整理照片\手机相册\android\camera\IMG_20240225_105709.jpg,4825_0.jpg
431,2024-02-25,2024,52,1,0.894,vivo X80 Pro,01_Personal,旅行,E:\待整理照片\手机相册\android\camera\IMG_20240225_110839.jpg,4834_0.jpg
432,2024-02-25,2024,53,1,0.884,vivo X80 Pro,01_Personal,旅行,E:\待整理照片\手机相册\android\camera\IMG_20240225_110855.jpg,4835_0.jpg
433,2024-02-25,2024,62,1,0.880,vivo X80 Pro,01_Personal,旅行,E:\待整理照片\手机相册\android\camera\IMG_20240225_110859.jpg,4836_0.jpg
434,2024-02-25,2024,67,1,0.891,vivo X80 Pro,01_Personal,旅行,E:\待整理照片\手机相册\android\camera\IMG_20240225_110901.jpg,4837_0.jpg
435,2024-02-25,2024,56,1,0.883,vivo X80 Pro,01_Personal,旅行,E:\待整理照片\手机相册\android\camera\IMG_20240225_110903.jpg,4838_0.jpg
436,2024-02-25,2024,37,1,0.896,vivo X80 Pro,01_Personal,旅行,E:\待整理照片\手机相册\android\camera\IMG_20240225_112750.jpg,4842_0.jpg
437,2024-02-25,2024,63,1,0.870,vivo X80 Pro,01_Personal,旅行,E:\待整理照片\手机相册\android\camera\IMG_20240225_112751.jpg,4843_0.jpg
438,2024-02-25,2024,34,0,0.690,vivo X80 Pro,01_Personal,旅行,E:\待整理照片\手机相册\android\camera\IMG_20240225_112757.jpg,4844_3.jpg
439,2024-02-25,2024,44,0,0.505,vivo X80 Pro,01_Personal,旅行,E:\待整理照片\手机相册\android\camera\IMG_20240225_113219.jpg,4850_4.jpg
440,2024-08-02,2024,24,1,0.765,vivo X100 Pro                  ,02_Work,工作,E:\待整理照片\手机相册\android\camera\IMG_20240802_092557.jpg,4949_3.jpg
441,2025-02-03,2025,21,0,0.858,iPhone 15 Pro Max,01_Personal,人物,E:\待整理照片\手机相册\iphone\最近项目\2025-02-03 50958.jpg,1871_1.jpg
442,2025-11-16,2025,29,1,0.791,,02_Work,工作,E:\待整理照片\手机相册\iphone\最近项目\2025-11-16 77782.jpg,2573_1.jpg
443,2025-11-16,2025,31,1,0.822,,02_Work,工作,E:\待整理照片\手机相册\iphone\最近项目\2025-11-16 77788.jpg,2575_0.jpg
444,2026-02-07,2026,43,1,0.770,,02_Work,工作,E:\待整理照片\手机相册\ipad\最近项目\2026-02-07 47179.jpg,4076_1.jpg
445,2026-02-08,2026,26,1,0.900,,02_Work,工作,E:\待整理照片\手机相册\iphone\最近项目\2026-02-08 55391.jpg,2787_0.jpg
446,2026-02-08,2026,30,1,0.898,,02_Work,工作,E:\待整理照片\手机相册\iphone\最近项目\2026-02-08 55424.jpg,2788_0.jpg
447,2026-04-15,2026,65,0,0.663,,02_Work,工作,E:\待整理照片\手机相册\iphone\最近项目\2026-04-15 41440.jpg,3052_1.jpg
448,2026-07-07,2026,28,1,0.914,HM 1SC ,01_Personal,旅行,E:\待整理照片\我的图片\IMG_20140819_083723.jpg,378_0.jpg
449,2026-07-07,2026,30,1,0.538,HM 1SC ,01_Personal,旅行,E:\待整理照片\我的图片\IMG_20140819_090227.jpg,379_5.jpg
450,2026-07-07,2026,40,1,0.542,HM 1SC ,01_Personal,旅行,E:\待整理照片\我的图片\IMG_20140819_090310.jpg,381_4.jpg
451,2026-07-07,2026,44,1,0.891,HM 1SC ,01_Personal,旅行,E:\待整理照片\我的图片\IMG_20140819_090502.jpg,385_0.jpg
452,2026-07-07,2026,50,1,0.914,HM 1SC ,01_Personal,旅行,E:\待整理照片\我的图片\IMG_20140819_090502_副本.jpg,386_0.jpg
453,2026-07-07,2026,31,1,0.672,HM 1SC ,01_Personal,旅行,E:\待整理照片\我的图片\IMG_20140819_103045.jpg,407_0.jpg
454,2026-07-07,2026,35,1,0.884,HM 1SC ,01_Personal,旅行,E:\待整理照片\我的图片\IMG_20140819_114535.jpg,419_0.jpg
455,2026-07-07,2026,35,1,0.906,HM 1SC ,01_Personal,旅行,E:\待整理照片\我的图片\IMG_20140819_114542.jpg,420_0.jpg
456,2026-07-07,2026,56,1,0.900,HM 1SC ,01_Personal,旅行,E:\待整理照片\我的图片\IMG_20140819_114559.jpg,421_0.jpg
457,2026-07-07,2026,26,1,0.744,HM 1SC ,01_Personal,旅行,E:\待整理照片\我的图片\IMG_20140819_120443_副本.jpg,440_1.jpg
458,2026-07-07,2026,32,1,0.856,HM 1SC ,01_Personal,旅行,E:\待整理照片\我的图片\IMG_20140819_124536.jpg,465_0.jpg
459,2026-07-07,2026,68,1,0.840,HM 1SC ,01_Personal,人物,E:\待整理照片\我的图片\IMG_20140820_103931.jpg,527_1.jpg
460,2026-07-07,2026,52,1,0.550,HM 1SC ,01_Personal,旅行,E:\待整理照片\我的图片\IMG_20140820_120804.jpg,585_0.jpg
461,2026-07-07,2026,36,1,0.764,HM 1SC ,01_Personal,旅行,E:\待整理照片\我的图片\IMG_20140820_124600.jpg,586_1.jpg
462,2026-07-07,2026,44,0,0.759,HM 1SC ,01_Personal,旅行,E:\待整理照片\我的图片\IMG_20140820_124620.jpg,587_1.jpg
463,2026-07-07,2026,59,1,0.761,HM 1SC ,01_Personal,人物,E:\待整理照片\我的图片\IMG_20140820_124630.jpg,588_1.jpg
464,2026-07-07,2026,27,1,0.880,HM 1SC ,01_Personal,旅行,E:\待整理照片\我的图片\IMG_20140820_124712.jpg,589_0.jpg
465,2026-07-07,2026,75,1,0.792,HM 1SC ,01_Personal,人物,E:\待整理照片\我的图片\IMG_20141004_204030.jpg,677_3.jpg
466,2026-07-07,2026,80,1,0.836,HM 1SC ,01_Personal,人物,E:\待整理照片\我的图片\IMG_20141004_204047.jpg,678_4.jpg
467,2026-07-07,2026,26,1,0.826,,03_Screenshots,人物,E:\待整理照片\手机相册\android\screenshots\Screenshot_2025-08-12-09-22-45-19_765ff00d3f39dccccf86a7659b4220ee.jpg,5547_0.jpg
468,2026-07-07,2026,32,0,0.687,,02_Work,工作,E:\待整理照片\手机相册\android\weixin\mmexport1682827357059.jpg,5614_5.jpg
469,2026-07-07,2026,27,1,0.904,,04_Downloads,人物,E:\待整理照片\手机相册\android\weixin\mmexport1707912161425.jpg,5643_1.jpg
470,2026-07-07,2026,29,1,0.760,,04_Downloads,网络素材,E:\待整理照片\手机备份\手机相册\2021\weixin\wx_camera_1593147108211 (1).jpg,8442_0.jpg
471,2026-07-07,2026,24,1,0.895,,01_Personal,人物,E:\待整理照片\我的图片\Pictures\IMG_0466.JPG,8593_0.jpg
472,2026-07-07,2026,32,1,0.753,,02_Work,工作,E:\待整理照片\我的图片\Pictures\微信图片_20240227171733.jpg,8729_8.jpg
473,2026-07-07,2026,32,0,0.744,,01_Personal,人物,E:\待整理照片\我的图片\手机相册\IMG_0115.jpg,8963_1.jpg
474,2026-07-07,2026,50,0,0.878,,01_Personal,人物,E:\待整理照片\我的图片\手机相册\IMG_0117.jpg,8967_3.jpg
475,2026-07-07,2026,24,1,0.895,"X200,D560Z,C350Z",01_Personal,旅行,E:\待整理照片\我的图片\相册\504\照片 001.jpg,10843_1.jpg
476,2026-07-07,2026,26,1,0.883,"X200,D560Z,C350Z",01_Personal,旅行,E:\待整理照片\我的图片\相册\504\照片 002.jpg,10844_1.jpg
477,2026-07-07,2026,42,1,0.730,"X200,D560Z,C350Z",01_Personal,旅行,E:\待整理照片\我的图片\相册\504\照片 006.jpg,10845_3.jpg
478,2026-07-07,2026,23,1,0.796,,01_Personal,人物,E:\待整理照片\我的图片\相册\头像证件\2013.04.14.jpg,10852_0.jpg
479,2026-07-07,2026,35,1,0.838,,01_Personal,人物,E:\待整理照片\我的图片\相册\头像证件\IMG_20130329_202713.jpg,10853_0.jpg
480,2026-07-07,2026,67,1,0.830,N9 ,01_Personal,人物,E:\待整理照片\我的图片\相册\我的图片\13020031.jpg,10871_0.jpg
481,2026-07-07,2026,44,1,0.581,N9 ,01_Personal,旅行,E:\待整理照片\我的图片\相册\我的图片\13020039.jpg,10879_1.jpg
482,2026-07-07,2026,28,1,0.891,N9 ,01_Personal,旅行,E:\待整理照片\我的图片\相册\我的图片\13020040.jpg,10880_0.jpg
483,2026-07-07,2026,32,1,0.748,N9 ,01_Personal,旅行,E:\待整理照片\我的图片\相册\我的图片\13020081.jpg,10912_1.jpg
484,2026-07-07,2026,62,1,0.880,N9 ,01_Personal,旅行,E:\待整理照片\我的图片\相册\我的图片\13020104.jpg,10922_1.jpg
485,2026-07-07,2026,38,1,0.625,N9 ,01_Personal,旅行,E:\待整理照片\我的图片\相册\我的图片\13020132.jpg,10950_1.jpg
486,2026-07-07,2026,49,1,0.838,N9 ,01_Personal,人物,E:\待整理照片\我的图片\相册\我的图片\13020135.jpg,10953_0.jpg
487,2026-07-07,2026,28,1,0.687,N9 ,01_Personal,美食,E:\待整理照片\我的图片\相册\我的图片\13020136.jpg,10954_0.jpg
488,2026-07-07,2026,35,1,0.617,,01_Personal,人物,E:\待整理照片\我的图片\相册\新建文件夹\IMG_0294(1).jpg,12223_0.jpg
489,2026-07-07,2026,31,1,0.906,,01_Personal,人物,E:\待整理照片\我的图片\相册\新建文件夹\IMG_0693.jpg,12666_0.jpg
490,2026-07-07,2026,27,1,0.807,,04_Downloads,网络素材,E:\待整理照片\我的图片\相册\照片\2012-03-04-0.bmp,13978_1.jpg
491,2026-07-07,2026,24,0,0.796,,04_Downloads,网络素材,E:\待整理照片\我的图片\相册\照片\2012-03-04-1.bmp,13979_1.jpg
492,2026-07-07,2026,32,1,0.768,,04_Downloads,网络素材,E:\待整理照片\我的图片\相册\照片\2012-03-04-6.bmp,13984_1.jpg
493,2026-07-07,2026,27,0,0.903,,01_Personal,人物,E:\待整理照片\我的图片\相册\照片\IMG_0055.JPG,14129_0.jpg
494,2026-07-07,2026,25,1,0.847,,01_Personal,人物,E:\待整理照片\我的图片\相册\照片\IMG_0059.JPG,14132_0.jpg
495,2026-07-07,2026,24,1,0.807,,01_Personal,人物,E:\待整理照片\我的图片\相册\照片\IMG_0062.JPG,14133_0.jpg
496,2026-07-07,2026,33,1,0.782,,01_Personal,美食,E:\待整理照片\我的图片\相册\照片\IMG_0106.JPG,14144_1.jpg
497,2026-07-07,2026,34,0,0.836,,01_Personal,美食,E:\待整理照片\我的图片\相册\照片\IMG_0107.JPG,14145_0.jpg
498,2026-07-07,2026,33,1,0.650,,01_Personal,美食,E:\待整理照片\我的图片\相册\照片\IMG_0109.JPG,14146_6.jpg
499,2026-07-07,2026,27,0,0.600,,01_Personal,美食,E:\待整理照片\我的图片\相册\照片\IMG_0110.JPG,14147_6.jpg
500,2026-07-07,2026,27,1,0.641,,01_Personal,人物,E:\待整理照片\我的图片\相册\照片\MA201209091318000043-42-000128.jpg,14210_2.jpg
501,2026-07-07,2026,28,1,0.817,,01_Personal,人物,E:\待整理照片\我的图片\相册\照片\psb.jpg,14213_0.jpg
502,2026-07-07,2026,28,1,0.872,,01_Personal,人物,E:\待整理照片\我的图片\相册\照片\QQ图片20120913214335.jpg,14215_0.jpg
